,English_ipa,German_ipa,Swedish_ipa
0,/ɔːl ˈhjuːmən ˈbiːɪŋz ɑːr bɔːrn friː ænd ˈiːkwəl ɪn ˈdɪɡnəti ænd raɪts. ðeɪ ɑːr ɪnˈdaʊd wɪð ˈriːzən ænd ˈkɒnʃəns ænd ʃʊd ækt təˈwɔːrdz wʌn əˈnʌðər ɪn ə ˈspɪrɪt əv ˈbrʌðərhʊd./,/ˈalə ˈmɛnʃən zɪnt fraɪ ʊnt ɡlaiç an ˈvʏrdə ʊnt ˈrɪçtən ɡəˈboːrən ziː zɪnt mɪt fɛrˈnʊnft ʊnt ɡəˈvɪsn̩ bəˈɡaːpt ʊnt ˈzɔlən ˈaɪnandɐ ɪm ɡaɪst dɛr ˈbʁyːdɐlɪçkaɪt bəˈɡɛɡnən/,/ˈalːa ˈmɛnːɪskʊr ɛr ˈfœdːa ˈfrɪːa ɔk ˈliːka i ˈvɛrːdɛ ɔk ˈrɛtːɪhɛtɛr. dɛ ɛr ˈɵtːskʊdɛ mɛd fœrˈnɵsːt ɔk ˈsamːvɛntɛ ɔk bœr ˈhanːdla ˈjɛnːtɛmɔt ˈvaɾːandɛɾ i ɛn ˈanːda av ˈbruːdɛʂkap./
1,"/ˈɛvrɪwʌn ɪz ɪnˈtaɪtəld tuː ɔːl ðə raɪts ænd ˈfriːdəmz sɛt fɔrθ ɪn ðɪs ˌdɛkləˈreɪʃən, wɪˈðaʊt dɪˈstɪŋkʃən əv əni kaɪnd, sʌʧ æz reɪs, ˈkʌlər, sɛks, ˈlæŋɡwɪdʒ, rɪˈlɪdʒən, pəˈlɪtɪkəl ɔr ˈʌðər ˈɒpɪnjən, ˈnæʃənəl ɔr ˈsoʊʃəl ˈɔrɪdʒɪn, ˈprɒpərti, bɜrθ ɔr ˈʌðər ˈsteɪtəs./","/ˈjeːdɐ hat ˈanʃpraʊx aʊf ˈalə ɪn ˈdɪzɐ ɛrˈklɛːrʊŋ fɛɐˈkʊndətən ˈʁɛçtə ʊnt ˈfʁaɪhaɪtn̩, ˈoːnən ˈʊntɐʃiːtn̩, ˈaftɐ naχ ˈʁasə, ˈhaʊtˌfaʁbə, ˈɡɛʃlɛçt, ˈʃpʁaχə, ʁeliˈɡiːoːn, poliˈtɪʃɐ oːdɐ ˈzɔnstɪɡɐ ˌʔyːbɐˈtsʊχʊŋ, naˈt͡sioːnaːlɐ oːdɐ ˈzoːtsiaːlɐ ˌhɛʁkʊnft, fɛɐˈmøːɡən, ɡəˈbʊʁt oːdɐ ˈzɔnstɪɡəm ʃtant./","/ˈvar ɔk ˈɛn ɛr bɛˈrɛtːɪɡad tɪl ˈalːa dɛ ˈrɛtːɪhɛtɛr ɔk ˈfriːhɛtɛr sɔm ˈanːɛs ɪ ˈdɛnːa fœrˈklɑːrɪŋ, ˈʉːtan ˈɔtːɧɪlːnad av ˈnɔɡɛt skɑːɡ, ˈsɔːsɔm ras, hʉːdfɛrj, jɛn, sprɛŋ, rɛlɪˈɧuːn, pʊlɪˈtɪsk ɛlˈlɛr ˈanːan ˈoːsɪkt, naɧʊˈɛlɪkt ɛlˈlɛr sʊˈʊʁsˌʊnːd, ˈeɡɛndɔm, bœʁd ɛlˈlɛr ˈanːan ˈstɛlːnɪŋ/"
2,"/ˈɛvrɪwʌn hæz ðə raɪt tu laɪf, ˈlɪbərti ænd sɪˈkjʊrəti ʌv ˈpɜːrsən/","/ˈjeːdɐ hat das ʁɛçt aʊf ˈliːbən, ˈfʁaɪhaɪt ʊnt ziˈçɐhaɪt dɛɐ pɛʁˈzoːn/","/ˈvar ɔk ˈɛn har rɛt til liːv, ˈfriːhɛt ɔk pɛrˈsɔnliː ˈsɛkɛrheːt/"
3,/noʊ wʌn ʃæl bi hɛld ɪn ˈsleɪvəri ɔr ˈsɜrvɪˌtud; ˈsleɪvəri ænd ðə sleɪv treɪd ʃæl bi prəˈhɪbɪtɪd ɪn ɔl ðɛr fɔrmz/,/ˈniːmant darf ɪn ˈʃlaːvəraɪ oːɐ̯ ˈlaɪ̯baɪ̯ɡənʃaft ɡəˈhaltən vɛrdən; ˈʃlaːvəraɪ ʊnt ˈʃlaːvənˌhandəl zɪnt ɪn ˈalən ɪrən ˈfɔrmən fɛrboːtən./,/ˈɪŋɛn fɔr ˈhɔlːas ɪ ˈslɑːvɛrɪ ɛlɛr ˈtrɛlːdʊm; ˈslɑːvɛrɪ ɔk ˈslɑːvˌhanːdɛl ʂɑ ˈskɑː ˈfœrˌbʉdːnɛ ɪ ˈalːa dɛs ˈfɔrːmɛr/
4,/noʊ wʌn ʃæl bi səbˈdʒɛktɪd tu ˈtɔrtʃər ɔr tu kruːəl ɪnˈhjuːmən ɔr dɪˈɡreɪdɪŋ ˈtritmənt ɔr ˈpʌnɪʃmənt/,/ˈniːmant dɑrf deːɐ ˈfɔltɐ oːɐ ˈɡʁaʊzamɐ ˈʊnmɛnʃlɪçɐ oːɐ ɛɐniˈdiːʁɪɡɐndɐ bəˈhandlʊŋ oːɐ ˈʃtʁaːfə ˈʊntɐˈvoːʁfən vɛːʁdən/,"/ˈɪŋɛn fɔːr ²ɵtˌsɛtːas fœr tʊrˈtyːr ɛlɛr ²ɡryːm, ²ʊˈmɛnˌsklɪɡ ɛlɛr ²fœrnɛnˌdranˌdɛ bɛˈhanˌdliŋ ɛlɛr bɛˈstrafˌnɪŋ/"
5,/ˈɛvrɪwʌn hæz ðə raɪt tuː ˌrɛkəɡˈnɪʃən ˈɛvrɪwɛr æz ə ˈpɜrsən bɪˈfɔr ðə lɔː/,/ˈjeːdɐ hat ˈyːbɐal ˈʔanˌʃprʊx aʊf ˌʔanɐˈkɛnʊŋ als ˈʁɛçtsˌfɛːhɪɡə pɛrˈzoːn/,/ˈvɑːr ɔk ˈɛn har rɛt ɑt ˈœvɛrˌal ɛrkɛnˈnɑs sɔm ɛn pɛrˈsɔn i ˈlɑːɡɛns ˈmɛnɪŋ/
6,/ɔl ɑr ˈikwəl bɪˈfɔr ðə lɔ ənd ɑr ɪnˈtaɪtəld wɪˈðaʊt ˈɛni ˌdɪskrɪmɪˈneɪʃən tu ˈikwəl prəˈtɛkʃən əv ðə lɔ | ɔl ɑr ɪnˈtaɪtəld tu ˈikwəl prəˈtɛkʃən əˈɡɛnst ˈɛni ˌdɪskrɪmɪˈneɪʃən ɪn vaɪəˈleɪʃən əv ðɪs ˌdɛkləˈreɪʃən ənd əˈɡɛnst ˈɛni ˌɪnsaɪtˈmɛnt tu sʌʧ ˌdɪskrɪmɪˈneɪʃən/,/ˈalə ˈmɛnʃən zɪnt foːɐ deːm ˈlɛts ɡlaɪç ʊnt ˈhaːbən ˈoːnən ˈʊntɐʃiːt ˈansprʊç aʊf ˈɡlaɪçən ʃpʊts dʊɐ das ˈɡɛts. ˈalə ˈhaːbən ˈansprʊç aʊf ˈɡlaɪçən ʃpʊts ɡeɡən ˈjɛdə dɪskʁɪmɪnɪˈʁʊŋ diː ɡeɡən ˈdiːzə ɛʁˈklɛːʁʊŋ fɛɐˈʃtœst ʊnt ɡeɡən ˈjɛdə ˈaʊfʁaɪtsʊŋ tsuː ˈaɪnɐ dɛˈʔaʁtɪɡən dɪskʁɪmɪnɪˈʁʊŋ./,/ˈalːa ær ˈliːka ˈɪnˌføːr ˈlɑːɡɛn ɔk har rɛtː til ˈliːka ˈɧʏd av ˈlɑːɡɛn ˈʉːtan dɪskrɪmɪnɛrɪŋ. ˈalːa ær bɛˈrɛtːɪɡaðɛ til ˈliːka ˈʃʏd mɔt alː dɪskrɪmɪnɛrɪŋ sɔm ˈstrɪdɛr mɔt ˈdɛnːa fœrˈklɑːrɪŋ ɔk mɔt ˈvarjɛ ˈɵpːvɪglɪŋ til ˈsœːdan dɪskrɪmɪnɛrɪŋ./
7,/ˈɛvrɪwʌn hæz ðə raɪt tuː ən ɪˈfɛktɪv ˈrɛmədi baɪ ðə ˈkɒmpɪtənt ˈnæʃənəl traɪˈbjuːnəlz fɔːr ækts ˈvaɪəˌleɪtɪŋ ðə ˌfʌndəˈmɛntəl raɪts ˈɡræntɪd hɪm baɪ ðə ˌkɒnstɪˈtjuʃən ɔːr baɪ lɔː./,"/ˈjeːdɐ hat ˈanˌʃprʊç aʊf ˈaɪnən ˈvɪʁksamən ˈʁɛçtsbəˌhɛlf baɪ deːn ˈtsʊstɛndɪɡən ˈɪnɐʃtaːtliçən ɡəˈʁɪçtən ɡɛɡən ˈhandlʊŋən, diː ˈziːnəm ˈdʊʁç diː fɛɐˈfasʊŋ oːɐ das ɡəˈzɛts ˈʦuˌsteːəndən ˈɡʁʊntʁɛçtən fɛɐˈlɛtsən./",/ˈvɑːr ɔk ˈɛn har rɛtː til ɛt ˈvæɾkˌsamt ˈrɛtːsmɛdɛl ˈɪnˌfœr dɛ bɛˈhœrɪga naˈɧoːnɛla ˈdɔmstuːlaʁna fœr ˈhanːdlɪŋaɾ sɔm krɛŋːkɛʁ dɛ ˈɡrɵnːdˌlɛɡːɑndɛ ˈrɛtːɪhɛtɛʁ sɔm tɪlˈkɔmːɛʁ ˈhɔnːɔm ˈɛnˌlɪkt kɔnstɪtɵˈɧuːnɛn ɛlɛʁ ˈlɑːɡɛn/
8,"/noʊ wʌn ʃæl bi səbˈdʒɛktɪd tuː ˈɑːrbɪˌtrɛri əˈrɛst, dɪˈtɛnʃən ɔr ˈɛgzajl/","/ˈniːmant dɑrf ˈvɪlkœrliç ˈfɛstɡənɔmən, ɪn haft ˈhaltən oːdɐ des ˈlandəs fɛɐˈviːzən vɛrdən./","/ˈɪŋɛn fɔr ˈɡuːdʏkɛlɪt ˈanˌhɔlːas, ˈhɔlːas ˈfɛŋːslad ɛlɛr ˈlanˌsfœrːvɪsas/"
9,"/ˈɛvrɪwʌn ɪz ɪnˈtaɪtəld ɪn fʊl ɪˈkwɒlɪti tuː ə fɛər ænd ˈpʌblɪk ˈhɪərɪŋ baɪ ən ˌɪndɪˈpɛndənt ænd ɪmˈpɑrʃəl traɪˈbjunəl, ɪn ðə dɪˌtɜrmɪˈneɪʃən ʌv hɪz raɪts ænd ˌɒblɪˈgeɪʃənz ænd ʌv ˈɛni ˈkrɪmɪnəl ʧɑrdʒ əˈgɛnst hɪm./",/ˈjeːdɐ hat baɪ deːɐ fɛstˈʃtɛlʊŋ zɪnɐ ˈʁɛçtə ʊnt ˈpflɪçtən ˈziːbɛn ʊnt baɪ ˈaɪnɐ ɡəˈɡɛn ɪhn ɛrˈhoːbnən ˈʃtʁaːfʁɛçtlɪçən bəˈʃʊldɪɡʊŋ ɪn ˈfɔlɐ ˈɡlaɪçhaɪt ˈanspʁʊç ʔaʊf aɪn ɡəˈʁɛçtəs ʊnt ˈʔœfəntlɪçəs fɛɐˈfaːʁən foːɐ ˈʔeːn ʊnˈabˈhɛŋɪɡən ʊnt ʔʊnˈpaʁtaɪʃən ɡəˈʁɪçt. /,/ˈvɑr ɔk ˈɛn ɛr ˈpɔ fɵlˈstɛnːdɪɡ ˈjɛmːlɪk fʊt bɛrˈɛtːɪɡad tɪl ɛn ˈrɛtːvɪs ɔk ˈɔfɛntlɪɡ fœrˈhandlɪŋ ˈɪnfœr ɛn ˌʊbɛrˈɔndɪɡ ɔk ˌɔpartɪʃ ˈdɔmˌstuːl vɪd ˈfastˌstɛlːandɛ av hans ˈrɛtːɪɡheːtɛr ɔk ˈɧʏlːdɪghɛtɛr ɔk vɪd aŋkˈlaːgɛlsɛ mɔt ˈhɔn fœr brɔtː/
10,"1. /ˈɛvrɪwʌn tʃɑːrdʒd wɪð ə ˈpiːnəl ˈɒfəns hæz ðə raɪt tuː biː prɪˈzjuːmd ˈɪnəsənt ənˈtɪl pruːvd ˈɡɪlti əˈkɔːrdɪŋ tuː lɔː ɪn ə ˈpʌblɪk ˈtraɪəl æt wɪtʃ hiː hæz hæd ɔːl ðə ˈɡærəntiːz ˈnɛsəsəri fɔːr hɪz dɪˈfɛns/
2. /nəʊ wʌn ʃæl biː hɛld ˈɡɪlti əv ˈɛni ˈpiːnəl ˈɒfəns ɒn əˈkaʊnt əv ˈɛni ækt ɔːr əˈmɪʃən wɪtʃ dɪd nɒt ˈkɒnstɪˌtjuːt ə ˈpiːnəl ˈɒfəns ˈʌndər ˈnæʃənəl ɔːr ˌɪntərˈnæʃənəl lɔː æt ðə taɪm wɛn ɪt wəz kəˈmɪtɪd/ /nɔː ʃæl ə ˈhɛviə ˈpɛnəlti biː ɪmˈpəʊzd ðæn ðə wʌn ðæt wəz əˈplɪkəbl æt ðə taɪm ðə ˈpiːnəl ˈɒfəns wəz kəˈmɪtɪd/","1. /ˈjeːdɐ, deːɐ veːɡn̩ eːnɐ ˈʃtʁaːfbaːʁən ˈhandlʊŋk bəˈʃʊlt͡st vɪʁt, hat das ʁɛçt, als ˈʊnʃʊldɪç t͡su ˈɡɛltən, bɪs zɪnə ˈʃʊlt ɪn ˈaɪnəm ˈʔœfəntlɪçən ˈfɛʁfaːɹən, ɪn dɛm eːɐ ˈalə t͡suɐ ˈfɛɐˈt͡siːɡʊŋ nɔtˈvɛndɪɡən ɡaˈʁant͡siːn ɡəˈhabt hat, ɡəˈmɛs ˈdeːm ˈɡəzɛts naːçˈveːzən vɪʁt. 2. ˈniːmand daʁf veːɡn̩ ˈeːnɐ ˈhandlʊŋk oːdɐ ˈʊntɐˈlasʊŋ, diː t͡suʁ ˈtaɪt ɪʁɐ ˈbəɡʊŋ naːχ ˈɪnɐʁˈʃtaːtlɪçəm oːdɐ ɪntɐnaˈtsjoːnaːləm ʁɛçt nɪçt ˈʃtʁaːfbaːʁ vaːʁ, vɛʁˈʊʁtɛɪlt vɛʁdən. aʊχ daʁf ˈkaɪnə ˈʃvɛʁəʁə ˈʃtʁaːfə ˈvɛʁhɛŋt vɛʁdən aːls diː, diː t͡suʁ ˈtaɪt deːɐ bəˈɡʊŋ deːɐ ˈʃtʁaːfbaːʁən ˈhandlʊŋk ˈanvɛndbaːʁ vaːʁ.","1. /var ɔk ˈɛn sɔm anˈklɑːsas fœr ɛn ˈstrafːbar ˈhanːdliŋ har rɛt ɑt bɛrˈtraktas sɔm ˈʊskʏldɪɡ tɪls hɑn har fœrˈklɑːras ˈɧʏldɪɡ ɛnˈlɪkt lɑːɡ ɪn ˈɔfɛntlɪɡ ˈrɛtːɛjʏŋ, ˈvɑːrɪ hɑn tɪlˈfœʂkras ˈalːa nøːdvɛnˈdɪɡa ɡarantɪɛr fœr sɪt ˈfœʂvar/
2. /ˈɪŋɛn ɡɔr fɛlːas tɪl ˈansvar føːr ɛn ˈstrafːbar ˈhanːdliŋ på ɡrʊnd av ˈnœɡɔn ˈhanːdliŋ ɛllɛr ˈɵndɛrˌlɔːtɛn som ɪnte ˈʉtɡjɔrdɛ ɛn ˈstrafːbar ˈhanːdliŋ, ɛnˈlɪkt naɧʊˈnɛl ɛllɛr ɪntɛrnaˈɧʊnɛl ˈrɛt, vɪd dɛn tɪd dɔ dɛn bɛˈjɪkɛs/ /ɛj ˈnɛlːɛr mɔː ɛt ˈstrɛŋːarɛ straf ɛn dɛt sɔm var tɪlˈɛmplɪkt vɪd dɛn tɪd dɛn ˈstrafːbara ˈhanːdliŋɛn bɛˈjɪkɛs ˈɵtːdœmas/"
11,/noʊ wʌn ʃæl bi səbˈdʒɛktɪd tuː ɑːrˈbɪtrɛri ˈɪntərfɪrəns wɪð hɪz ˈpraɪvəsi ˈfæməli hoʊm ɔːr ˌkɒrəˈspɒndəns nɔːr tuː əˈtæks əˈpɒn hɪz ˈɒnər ænd ˌrɛpjʊˈteɪʃən. ˈɛvrɪwʌn hæz ðə raɪt tuː ðə prəˈtɛkʃən ʌv ðə lɔːr əˈgɛnst sʌʧ ˌɪntərˈfɪrəns ɔːr əˈtæks./,"/ˈniːmant dɑrf ˈvɪlkʏrliçən ˈaɪ̯nɡrɪfən ɪn zaɪ̯n ˈpʁiːvatˌleːbən, zaɪ̯nə ˈfamɪliə, zaɪ̯nə ˈvɔnʊŋ ʊnt zaɪ̯nən ˈʃʁɪftɡəʃpʁɛç ˈoːdɐ bəˈʔɪntɾɛçtɪɡʊŋən zaɪ̯nɐ ˈeːʁə ʊnt zaɪ̯nəs ˈʁuːfəs ˈaʊ̯sɡəzɛtsət vɛʁdən. ˈjeːdɐ hat ˈanspʁʊç ʔaʊ̯f ˈʁɛçtlɪçən ʃʊts ɡeːɡən ˈzɔlçə ˈaɪ̯nɡrɪfə oːdɐ bəˈʔɪntɾɛçtɪɡʊŋən./","/ˈɪŋɛn fɔːr ²ɵtˌsɛtːas fœr ²ɡʊdˌtʏkːɛlɪɡa ²ɪŋˌɡrɪpandɛn ɪn ²froːɡa ɔm sɪt ²prɪˌvaːtlɪːv, sɪn ²famɪl, sɪn hɛm ɛl ²sɪn kʊrɛsˌpɔndɛns, ɛj ²nɛlːɛr fœr ²aŋˌgreːp oːn sɪn ²hɛːdɛr ɔk sɪt ²anˌseːndɛ. Var ɔk ²ɛnɛn har rɛtː tɪl ²lɑːɡɛns ˈɧʏd mɔt ²sɔːdana ²ɪŋˌɡrɪpandɛn ɛl ²aŋˌgreːp./"
12,"1. /ˈɛvrɪwʌn hæz ðə raɪt tuː ˈfriːdəm ʌv ˈmuːvmənt ænd ˈrɛzɪdəns wɪðɪn ðə ˈbɔrdərz ʌv iːʧ steɪt/
2. /ˈɛvrɪwʌn hæz ðə raɪt tuː liːv ˈɛni ˈkʌntri, ɪnˈkludɪŋ hɪz əʊn, ænd tuː rɪˈtɜrn tuː hɪz ˈkʌntri/","1. /ˈjeːdɐ hat das ʁɛçt, zɪç ˈɪnnɐˌhalp ˈaɪnɐs ˈʃtaːtəs fʁaɪ t͡suː məˈveːɡən ʊnt ˈzaɪnən ˈaʊfənˌthaltsɔʁt fʁaɪ t͡suˈvɛlən/
2. /ˈjeːdɐ hat das ʁɛçt, ˈjeːdəs lant, ˈaɪnzʦʊˌʃlɪç ˈzaɪnəs ˈɔɪgnən, t͡su ləˈzazən ʊnt ɪn zaɪn lant ˌʁɛkˈtyːʁən/","1. /var ɔk ˈɛn har rɛt ɑt frɪt fœrˈflytːa sɛj ɔk vɛlˈja ˈbɔsːtadˌsɔʈ ɪˈnɔm ˈvarjɛ stats ˈgrɛnːɛrs/
2. /var ɔk ˈɛn har rɛt ɑt ˈlɛmːa ˈvarjɛ land, ˈɛvɛn sɪt ˈœjvɛt, ɔk ɑt ˈœtɛrvɛndːa tɪl sɪt land/"
13,"1. /ˈɛvrɪwʌn hæz ðə raɪt tuː siːk ænd tuː ɪnˈdʒɔɪ ɪn ˈʌðər ˈkʌntriz ˈæsaɪləm frɒm ˌpɜːrsɪˈkjuːʃən/
2. /ðɪs raɪt meɪ nɒt biː ɪnˈvoʊkt ɪn ðə keɪs əv ˌprɒsɪˈkjuːʃənz ˈdʒɛnjuɪnli əˈraɪzɪŋ frɒm nɒn-pəˈlɪtɪk kraɪmz ɔr frɒm ækts ˈkɒntrəri tuː ðə ˈpɜːrpəsɪz ænd ˈprɪnsəpəlz ʌv ðə juːˈnaɪtɪd ˈneɪʃənz/","1. /ˈjeːdɐ hat das ʁɛçt, ɪn ˈandɐn ˈlɛndɐn ˈaziːl foːɐ fɔɐ ˌfɛɐfɔlˈɡʊŋ t͡suː ˈzuːxn̩ ʊnt t͡suˈɡɛnˌiːsən/
2. /ˈdiːzəs ʁɛçt kan niçt ɪn ˈʔanspruːç ɡəˈnɔmmən vɛrdən ɪm ˈfalə fɔn ˈʃtʁafvɛʁfɔlˌɡʊŋən, diː ˈtatsɛntlɪç ʔaʊf ɡʁʊnt fɔn ɡəˈmaɪnʁɛçtlɪçən fɛɐˈbʁɛçən oːdɐ ˈhandlʊŋən ɛsɐˈfɔlɡən, diː ɡəˈɡɛn diː ˈʦiːlə ʊnt ˈɡʁʊnt͡sɛʦə dɐ ˈfɛːʁʔɪntən naːˈʦiːnən vɛʁˈʃtɔːsən/","1. /var ɔk ˈɕɑːr ˈatː ɪ ˈandɾa ˈlɛŋdɛɾ ˈsøːka ɔk ˈœtːnɔˌjuː ˈɑːsyːl frɒm fœrˈfœlːjɛlsɛ/
2. /ˈdɛnːa rɛtː mɔɪ ˈɪkːɛ ˈɔːbɛrˌuːpas vɪd ˈlɑːɡa ˈɔːtːgɛˌrɛr sɔm vɛrˈklɪgɛn ˈɡrɵndas ˈpɔː ɪkːɛ pʊˈlɪtɪska brɔtː ɔlɛr ˈhanːdlɪŋar sɔm ˈstriːdɛr mɔt fœrˈɛnˌta natsɪuˈnɛns ˈɛnːdamɔːl ɔk ˈɡrɵndˌsatːsɛr/"
14,"1. /ˈɛvrɪwʌn hæz ðə raɪt tuː ə ˌnæʃəˈnæləti/
2. /noʊ wʌn ʃæl biː ˈɑːrbɪˌtrɛrɪli dɪˈpraɪvd ʌv hɪz ˌnæʃəˈnæləti nɔr dɪˈnaɪd ðə raɪt tuː ʧeɪndʒ hɪz ˌnæʃəˈnæləti/","1. /ˈjeːdɐ hat das ʁɛçt aʊf ˈaɪnə ˈʃtaːtsanɡəhœʁiɡkaɪt/
2. /ˈniːmandəm darf ziːnə ˈʃtaːtsanɡəhœʁiɡkaɪt vɪlˈkœʁlɪç ɛntˈsoːɡnən noχ das ʁɛçt fɛɐˈzaɡt vɛɐdnən ziːnə ˈʃtaːtsanɡəhœʁiɡkaɪt tsu ˈvɛkslən/","1. /var ɔk ˈɕɛn har rɛtː til ɛn nasjʊnaˈliːtɛt/
2. /ˈɪŋːɛn moː ˈɡoːdʏkˌtɪkt bɛˈrœːvas sɪn nasjʊnaˈliːtɛt ɛlɛr ˈneːkas ˈrɛtːɛn at ˈɛnːdʊ nasjʊnaˈliːtɛt/"
15,"1. /mɛn ənd ˈwɪmɪn ʌv fʊl eɪdʒ, wɪˈðaʊt ˈɛni ˌlɪmɪˈteɪʃən duː tuː reɪs, ˌnæʃəˈnæləti ɔr rɪˈlɪdʒən, hæv ðə raɪt tuː ˈmæri ænd tuː faʊnd ə ˈfæmɪli. ðeɪ ər ɪnˈtaɪtəld tuː ˈiːkwəl raɪts æz tuː ˈmæriɪdʒ, ˈdjʊrɪŋ ˈmæriɪdʒ ænd æt ɪts ˌdɪsəˈluːʃən./
2. /ˈmæriɪdʒ ʃæl biː ˈɛntərd ˈɪntuː ˈoʊnli wɪð ðə friː ænd fʊl kənˈsɛnt ʌv ði ɪnˈtɛndɪŋ ˈspɑʊsəz./
3. /ðə ˈfæmɪli ɪz ðə ˈnæʧərəl ænd ˈfʌndəˈmɛntəl ɡruːp ˈjuːnɪt ʌv səˈsaɪəti ænd ɪz ɪnˈtaɪtəld tuː prəˈtɛkʃən baɪ səˈsaɪəti ænd ðə steɪt./","1. /ˈhaɪ̯ʁatsˌfɛːɪ̯ɡə ˈmɛnˌnɐ ʊnt ˈfʁaʊ̯ən ˈhaːbən ˈoːnən ˈʔoːnə ˈʁɪçt t͡su ˈhaɪ̯ʁatən ʊnt ˈaɪ̯nə ˈfamɪli̯ə t͡su ˈɡʁʏndən. ziː ˈhaːbən baɪ̯ dɐ ˈʔeːsˌʃliːʔʊŋ, ˈvɛndəʁʊŋ dɛʁ ˈʔeːə ʊnt baɪ̯ ˈdeːnəʁ ˈʔaʊ̯fløːzʊŋ ˈɡlaɪ̯çə ˈʁɪçtə. 2. ˈʔaɪ̯nə ˈʔeːə dɐf ˈnʊr baɪ̯ fʁiːɐ ʊnt ˈʔʊnənˌɡʁɛŋztəʁ ˈvɪlənəˌzaɪ̯nʊŋ dɛʁ ˈtsʊkʏnftɪɡən ˈʔeːəˌɡatən ˈɡəʃlɔsən vɛʁdən. 3. diː ˈfamɪli̯ə ɪst diː naˈtʏʁlɪçə ˈɡʁʊndˌaɪ̯nhaɪ̯t dɛʁ ɡəˈzɛlʃaft ʊnt hat ˈʔanspʁʊç ʔaʊ̯f ʃʊts dʊʁç ɡəˈzɛlʃaft ʊnt ʃtaːt.","1. /fɵlˈvɵkˌsna mɛn ɔk ˈkvɪnˌnɔr har rɛtː at ˈɵtan ˈnɔnɛ ˈɪnsˌkrɛŋkˌnɪŋ pɔ ɡrɵnd av ras, nasjʊnaˈlɪtɛt ɛlɛr rɛlɪɡˈjʊn ˈɪŋoː ˈɛkːtɛnskap ɔk ˈbɪlːda ˈfamˌlɪ. dɛ ɛr bɛˈrɛtːɪɡaðɛ tɪl ˈliːka ˈrɛtːɪɡhɛtɛr vɪd ˈɪŋoːɛndɛ av ˈɛkːtɛnskap, ˈɵndɛr ˈɛkːtɛnskapɛt ɔk vɪd dɛs ˈɵplœsˌnɪŋ. 2. ˈɛkːtɛnskap mɔ ˈɛndast ˈɪŋoːs mɛd dɛ blɪˈvandɛ maˈkarnas ˈfrɪa ɔk ˈfɵla samˈtykːɛ. 3. ˈfamˌlɪɛn ɛr dɛn naˈtɵrːlɪɡa ɔk ˈɡrɵndlɛɡˌɡa enhɛtɛn ɪ sambˈɛlɛt ɔk har rɛtː tɪl ˈʂʏpt av sambˈɛlɛt ɔk ˈstatɛn./"
16,"1. /ˈɛvrɪwʌn hæz ðə raɪt tu oʊn ˈprɒpərti əˈloʊn əz wɛl əz ɪn əˌsoʊsiˈeɪʃən wɪð ˈʌðərz/
2. /noʊ wʌn ʃæl biː ˈɑːrbɪtrɛrɪli dɪˈpraɪvd ʌv hɪz ˈprɒpərti/","1. /ˈjeːdɐ hat das ʁɛçt, ˈzoːvoːl ˈalain als aʊ̯ç ɪn ɡəˈmaɪ̯nʃaft mɪt ˈandəʁən ˈaɪ̯ɡəntʊm t͡su bəˈʦɪʦən/
2. /ˈniːmand darf vɪlˈkʊrʦliː ˈziːnəs ˈaɪ̯ɡəntʊms bəˈʁaʊ̯pt vɛrdən/","1. /var ɔk ˈɕɛn har rɛt ɑt ˈɛːga ˈeːgɛndɔm ˈbɛːdɛ ˈɛnˌskɪlt ɔk ˈtɪlsamːans mɛd ˈandra/
2. /ˈɪŋɛn moː ˈgoːdʏkˌtɪlkt bɛˈrœːvas sɪn ˈeːgɛndɔm/"
17,"/ˈɛvrɪwʌn hæz ðə raɪt tuː ˈfriːdəm ʌv θɔt ˈkɑnʃəns ænd rɪˈlɪdʒən; ðɪs raɪt ɪnˈkludz ˈfriːdəm tuː ʧeɪndʒ hɪz rɪˈlɪdʒən ɔr bɪˈlif, ænd ˈfriːdəm, ˈaɪðər əˈloʊn ɔr ɪn kəˈmjunəti wɪð ˈʌðərz ænd ɪn ˈpʌblɪk ɔr ˈpraɪvət, tuː ˈmænɪˌfɛst hɪz rɪˈlɪdʒən ɔr bɪˈlif ɪn ˈtiʧɪŋ, ˈpræktɪs, ˈwɜrʃɪp ænd əbˈzɜrvəns./","/ˈjeːdɐ hat das ʁɛçt aʊf ɡəˈdɛŋkən ɡəˈvɪsn̩s ʊnt ʁəliˈɡi̯oːnsˌfʁaɪ̯haɪ̯t; ˈdiːzəs ʁɛçt ʔʊmˈfasst diː ˈfʁaɪ̯haɪ̯t, zaɪnə ʁəliˈɡi̯oːn ʊdəɐ ˈvɛltʔanˌʃaʊʊŋ t͡su ˈvɛksl̩n, ˈzaɪ̯zoː diː ˈfʁaɪ̯haɪ̯t, zaɪnə ʁəliˈɡi̯oːn ʊdəɐ ˈvɛltʔanˌʃaʊʊŋ ˈalain oːɐ ɪn ɡəˈmaɪ̯nʃaft mɪt ˈandəɐn, ˈœfəntlɪç oːɐ ˈpʁiːvat dʊʁç ˈleːʁə, ˈʔaʊ̯zʏnʊŋ, ˈɡɔtəsˌdiːnst ʊnt ˈkʊlˌhandlʊŋən t͡su bəˈkɛnən./","/ˈvɑːr ɔk ˈɛn har rɛtː til ˈtanːkɛˌfriːhɛt, ˈsamːvɛtsˌfriːhɛt ɔk rɛlɪˈɡiːɔnsˌfriːhɛt; ˈdɛnːa rɛtː ˈɪnːɛfːattar ˈfriːhɛt atː ˈbyːta rɛlɪˈɡiːɔn ɛlˈlɛr truː, ɔk ˈfriːhɛt atː, ˈɛnːsam ɛlˈlɛr i ˈjɛmːɛnskap mɛd ˈanːdra, ˈɔfːɛntlɪɡt ɛlˈlɪkt, ˈjɛ ˈʉtːrʏkː fœr ˈsɪn rɛlɪˈɡiːɔn ɛlˈlɛr truː ˈɡɛnːɔm ˈɵnːdɛrˌvɪsːnɪŋ, ˈʉːtœvːnɪŋ, ˈdyːrkan ɔk ɪˈakːtːaɡandɛ av rɛlɪˈɡiːɔsa ˈsɛdːvɛnːjɔr/"
18,"/ˈɛvrɪwʌn hæz ðə raɪt tu ˈfriːdəm ʌv əˈpɪnjən ænd ɪksˈprɛʃən; ðɪs raɪt ɪnˈkludz ˈfriːdəm tu hoʊld əˈpɪnjənz wɪˈðaʊt ˌɪntərˈfɪrəns ænd tu sik, rɪˈsiv ænd ɪmˈpɑrt ˌɪnfərˈmeɪʃən ænd aɪˈdiəz θruː ˈɛni ˈmidiə ænd rɪˈɡɑrdləs ʌv ˈfrʌntɪrz./","/ˈjeːdɐ hat das ʁɛçt aʊf ˈmaɪnʊŋsfʁaɪhaɪt ʊnt ˈfʁaɪə ˈmaɪnʊŋsˌʔɔʏsəʁʊŋ; ˈdeːzəs ʁɛçt ˈʃløːst diː ˈfʁaɪhaɪt aɪn, ˈmaɪnʊŋən ˈʊŋəˌhɪndɐt ˈanzʔɛŋən ˈzeːraɪt ʊbɐ ˈmaɪdiən ˈjɛdɐ ˈʔaʁt ʊnt ˈoʊnə ˈʁʏkzɪçt aʊf ˈgʁɛntsən ɪnfoʁmaˈtsi̯oːn ʊnt ɡəˈdaŋkənɡuːt tsuː ˈzʊxən, tsuː ɛmˈpfɛŋən ʊnt tsuː fɛɐˈbʁaɪtən./","/ˈvɑːr ɔk ˈɛn har rɛtː til ˈoːsɪktsˌfriːhɛt ɔk ˈʏtːrɑndɛˌfriːhɛt ˈdɛnːa rɛtː ˈɪnːɛfˌtɑːr friːhɛt at ˈɵtan ˈɪŋrɪpandɛn ˈhʏːsa ˈoːsɪktɛr samt at søːka, ta ˈɛmɔt ɔk sprɪːda ˈɵplʏsɪŋar ɔk ˈɪdɛːr ˈɡɛnɔm ˈalːa ˈmeːdɪɛr ɔk ˈɵtan ˈhɛnsʏn til ˈɡrɛnsɛr/"
19,"1. /ˈɛvrɪwʌn hæz ðə raɪt tuː ˈfriːdəm ʌv ˈpiːsfʊl əˈsɛmbli ænd əˌsoʊsiˈeɪʃən/
2. /noʊ wʌn meɪ bi kəmˈpɛld tuː bɪˈlɔŋ tuː ən əˌsoʊsiˈeɪʃən/","1. /ˈalə ˈmɛnʃən ˈhaːbən das ʁɛçt, zɪç ˈfʁiːdlɪç t͡suː fɛɐˈsaməln ʊnt t͡suː fɛɐˈainɪɡʊŋən zʊˈzamənˌʃliːsən/
2. /ˈniːmand darf ˈɡət͡svʊndən vɛrdən, ˈaɪnɐ ˈfɛɐˌainɪɡʊŋ ˈanzʊˌhøːrən/","1. /var ɔk ˈɛn har rɛtː til ˈfriːhɛt i ˈfroːga ɔm ˈfreːdliːga ˈmøːtɛn ɔk ˈsamːanslʉtːnɪŋar/
2. /ˈɪŋːɛn moː ˈtviŋːas tɪlːˈhœr ɛn ˈsamːanslʉtːnɪŋ/"
20,"1. /ˈɛvrɪwʌn hæz ðə raɪt tuː teɪk pɑːrt ɪn ðə ˈɡʌvərmənt ʌv hɪz ˈkʌntri, dɪˈrɛktli ɔr θruː ˈfriːli ˈtʃoʊzən ˌrɛprɪˈzɛntətɪvz/
2. /ˈɛvrɪwʌn hæz ðə raɪt ʌv ˈiːkwəl ˈæksɛs tuː ˈpʌblɪk ˈsɜrvɪs ɪn hɪz ˈkʌntri/
3. /ðə wɪl ʌv ðə ˈpipəl ʃæl biː ðə ˈbeɪsɪs ʌv ði ɔˈθɔrəti ʌv ˈɡʌvərmənt; ðɪs wɪl ʃæl biː ɪksˈprɛst ɪn piəˈrɑdɪk ænd ˈdʒɛnjuɪn ɪˈlɛkʃənz wɪtʃ ʃæl biː baɪ ˌjuːnɪˈvɜrsəl ænd ˈiːkwəl ˈsʌfrɪdʒ ænd ʃæl biː hɛld baɪ ˈsiːkrɪt voʊt ɔr baɪ ɪkwɪvələnt friː ˈvoʊtɪŋ ˈproʊsɪdʒərz/","1. /ˈjeːdɐ hat das ʁɛçt, an deːɐ ɡəˈʃtaːltʊŋ deːɐ ˈʔœfəntlɪçən ˈʔaŋəleːɡənhaitən zaɪ̯səs ˈlantəs ˈʊnˌmɪtəlbaː oːɐ dʊʁç fʁaɪ̯ ˈvɛləktə ˈfɛʁˌtʁɛtɐ mɪtˈtsuːvɪʁkən. 2. /ˈjeːdɐ hat das ʁɛçt aʊf ˈɡlaɪ̯çən ˈtsuːɡaŋ tsuː ˈʔœfəntlɪçən ˈʔɛmˌtɐn ɪn zaɪ̯nəm ˈlandə. 3. deːɐ ˈvɪlə des ˈfɔlkəs ˈbɪltət diː ˈɡʁʊntlaːzə fœɐ diː ˌʔaʊtoːˈʁiːtɛt deːɐ ˈʔœfəntlɪçən ɡəˈvalt; ˈdiːzɐ ˈvɪlə mʊs dʊʁç ʁəɡəˈlɛʁə, ˌʊnˌfɛɐlˈzɔʏ̯stə, ˈalɡəmaɪ̯nə ʊnt ˈɡlaɪ̯çə ˈvaːlən mɪt ɡəˈhaɪ̯mɐ ˈʃtɪmʔabɡaːbə oːɐ ɪn ʔaɪ̯nəm ˈɡlaɪ̯çvɛʁtɪçən fʁaɪ̯ən ˈvaːlˌveːʁfaːʁən tsuːm ˈʔaʊstˌdʁʊk kɔmən.","1. /var ɔk ˈɛn har rɛt ɑt ˈtɑːɡa dɛl i sɪt ˈlans ˈstʏrɛlsɛ dɪˈrɛkt ɛllɛr ɡɛnɔm frɪt ˈvɑːlda ˈɔmbʉːd/
2. /var ɔk ˈɛn har rɛt tɪl ˈliːka ˈtɪltrɛːdɛ tɪl ˈɔfɛntlɪɡ ˈɕɛnst ɪ sɪt lans/
3. /ˈfɔlˌkɛts ˈvɪlːa ʂal ˈɵtɡøːra ˈɡrɵndvalɛn fœr ˈstatsmakˌtɛrnas mʏnˈdɪɡhɛt ˈdɛnsa ˈvɪlːa ʂal ˈkɔmːa tɪl ˈɵtɕʏrk ˈɡɛnɔm pɛrɪɔˈdɪska ɔk ˈvɛrkˌlɪɡa val ˈvɪlka ʂal fœrˈrɛtːas ˈɡɛnɔm ˈalːmɛn ɔk ˈliːka ˈrœstrɛt ɔk ˈɡɛnɔm ˈfrɪa ɔk ˈhɛmˌlɪɡa val/"
21,"/ˈɛvrɪwʌn, æz ə ˈmɛmbər ʌv səˈsaɪəti, hæz ðə raɪt tuː ˈsoʊʃəl sɪˈkjʊrəti ænd ɪz ɪnˈtaɪtəld tuː ˌriːəlaɪˈzeɪʃən, θruː ˈnæʃənəl ˈɛfərt ænd ˌɪntərˈnæʃənəl ˌkoʊˌɑpəˈreɪʃən ænd ɪn əˈkɔrdəns wɪð ði ˌɔrɡənɪˈzeɪʃən ænd ˈrɛsɔrsɪz ʌv ˈiʧ steɪt, ʌv ði ˌiːkəˈnɑmɪk, ˈsoʊʃəl ænd ˈkʌltʃərəl raɪts ˌɪndɪˈspɛnsəbl̩ fɔr hɪz ˈdɪɡnɪti ænd ðə friː dɪˈvɛləpmənt ʌv hɪz ˌpɜrsəˈnæləti./","/ˈjeːdɐ ˈmɛnʃ hat als ˈmiːtɡliːt deːɐ ɡəˈzɛlʃaft das ʁɛçt aʊf ˈzoːtsiːalə ziˈt͡sɪçɐhaɪt ʊnt ˈansprʊç daˈraʊf, dʊʁç ˈɪnɐʃtaːtlɪçə ˈmɛːsnaːmən ʊnt ɪntɐnaˈtsi̯oːnaːlə ˈtsusamənˈaɪt ʊnt ˈʊntɐbɛk͡sɪɡʊŋ deːɐ ɔʁɡaniˈzaːt͡si̯oːn ʊnt ˈmɪtl̩ ˈjeːdɛs ʃtaːtəs ɪn dɛn ˈɡɛnʊs deːɐ ɛkɔˈnoːmɪʃən, ˈzoːtsiːalən ʊnt kʊlˈtʊʁalən ˈʁɛçtə, diː ʊnɛntbəʁlɪç zɪnt fʊɐ ˈziːnə ˈvʏʁdə ʊnt diː fʁiːə ʔɛntˈfaltʊŋ zaɪnɐ pɛʁˈzœnlɪçkaɪt./","/ˈvɑːr ɔk ˈɛn har, i ˈeːɡɛnskap av ˈmeːdlɛm i ˈsamˌhɛlɛt, rɛtː til ˈsuːʂɛl ˈtrʏɡˌheːt ɔk ær bɛrɛtːɪɡad at ˈjɛnɔm nasɪʊˈnɛla ˈɔʏɡtɛr ɔk ˈɪnˌtɛrnasɪʊnɛlt ˈsamˌarbɛtɛ samt mɛd ˈhɛnːsʏn til ˈvɑːrjɛ stats ɔrɡanɪsaˈɧuːn ɔk rɛˈsʉːrsɛr foːr ɡɛt ˈsɪna ɛkʊnɔˈmɪska, suːʂɛla ɔk kɵlˈtʉːrɛla ˈrɛtːɪɡhɛtɛr tilˈɡɔːdʊsɛda, ˈvɪlːka ɛr ˈʊndˌɡɛŋɡlɪɡa fœr hans ˈværdɪɡhɛt ɔk dɛn ˈfrɪːa ˈʉtˌvɛkːlɪŋɛn av hans pɛrˈsɔnːlɪɡhɛt./"
22,"1. ˈɛvrɪwʌn hæz ðə raɪt tu wɜːrk, tu friː tʃɔɪs ʌv ɪmˈplɔɪmənt, tu ˈdʒʌst ænd ˈfeɪvərəbl kənˈdɪʃənz ʌv wɜːrk ænd tu prəˈtɛkʃən əˈɡɛnst ˌʌnɪmˈplɔɪmənt. 
2. ˈɛvrɪwʌn, wɪˈðaʊt ˈɛni ˌdɪskrɪmɪˈneɪʃən, hæz ðə raɪt tu ˈiːkwəl peɪ fɔːr ˈiːkwəl wɜːrk. 
3. ˈɛvrɪwʌn hu wɜːrks hæz ðə raɪt tu ˈdʒʌst ænd ˈfeɪvərəbl rɪˌmjuːnəˈreɪʃən ɪnˈʃʊrɪŋ fɔːr hɪmˈsɛlf ænd hɪz ˈfæmɪli ən ɪɡˈzɪstəns ˈwɜːrði ʌv ˈhjuːmən ˈdɪɡnɪti, ænd ˈsʌplɪˌmɛntɪd, ɪf ˈnɛsəˌsɛri, baɪ ˈʌðər miːnz ʌv ˈsəʊʃəl prəˈtɛkʃən. 
4. ˈɛvrɪwʌn hæz ðə raɪt tu fɔːrm ænd tu dʒɔɪn treɪd ˈjuːnjənz fɔːr ðə prəˈtɛkʃən ʌv hɪz ˈɪntrɪsts.","1. /ˈjeːdɐ hat das ʁɛçt aʊf ˈaʁbaɪt, aʊf ˈfʁaɪə bəˈʁuːfsvaːl, aʊf ɡəˈʁɛçtə ʊnt bəˈfʁiːdiɡə ˈaʁbaɪtsbəˌdɪŋʊŋən zaˈmiːt aʊf ʃʊts ɡəɡən ˈaʁbaɪtsˌloːzɪçkaɪt.
2. /ˈjeːdɐ, oːnə ˈʊntɐʃiːt, hat das ʁɛçt aʊf ˈɡlaɪçən loːn fyːɐ ˈɡlaɪçə ˈaʁbaɪt.
3. /ˈjeːdɐ, deːɐ ˈaʁbaɪtɛt, hat das ʁɛçt aʊf ɡəˈʁɛçtə ʊnt bəˈfʁiːdiɡə ˌɛntˈloːnʊŋ, diː ɪm ʊnt ˈziːnɐ faˈmiːliə ˈaɪnɐ dɛɐ ˈmɛnʃlɪçən ˈvʏʁdə ɛntsˈpʁɛçəndə ɛɡzɪstɛnt͡s ˈzɪçɐt, ɡəˈɡɛbn̩ˌfals ɛʁˈɡɛnt͡s dʊʁç ˈandəʁə zoˈtsiːalə ˈʃʊtsmaːhnən.
4. /ˈjeːdɐ hat das ʁɛçt, tsʊm ˈʃʊtsə zɪnɐ ˌʔɪntəˈʁɛzənə ɡəˈvɛʁkʊŋən tsu ˈbɪldən ʊnt ˈzɔlçən baɪˈtsʊçən.","1. /var ɔk ˈɛn har rɛt til ˈarbɛtɛ, til frɪt val av sʏsɛlsɛtˈnɪŋ, til ˈrɛtːɪsɛ ɔk ˈjʏnːsama ˈarbɛtsfœrhɔlˌandɛn samt til ʂʏkt mɔt ˈarbɛtslœnˌhɛt/
2. /var ɔk ˈɛn har ʊtan dɪskrɪmɪnɛrɪŋ rɛt til ˈliːka lœn føːr ˈliːka ˈarbɛtɛ/
3. /var ɔk ˈɛn sɔm ˈarbɛtɛr har rɛt til ɛn ˈrɛtːɪs ɔk tɪlfrɛdˈstɛlandɛ ˈɛʂɛtːnɪŋ, sɔm tɪlˈfœrsɛkrar ˈhɔnɪm ɧɪm sjɛlv ɔk hans famˈɪlj ɛn ˈmɛnɪskɔvˌɛrdɪg tɪlˈvɑːrʊ, kɔmplɛˈtɛrad, ɔm nøːdvɛndɪgt, mɛd ˈandɛr mɛdɛl føːr sʊʂɪˈɑlˌskyːd/
4. /var ɔk ˈɛn har rɛt at ˈbɪrda ɔk anˈslʊŋa sɛj tɪl ˈfakːfœrˌeːnɪŋar føːr at ʂʏkːa hans ˈɪntrɛsɛnʂ/"
23,"/ˈɛvrɪwʌn hæz ðə raɪt tuː rɛst ænd ˈlɛʒər, ɪnˈkludɪŋ ˈriːzənəbl ˌlɪmɪˈteɪʃən ʌv ˈwɜrkɪŋ ˈaʊərz ænd ˌpɪriˈɑdɪk ˈhɑləˌdeɪz wɪð peɪ./",/ˈjeːdɐ hat das ʁɛçt aʊf ɛɐˈhoːlʊŋ ʊnt ˈfʁaɪtˌsaɪt ʊnt ɪnsˈbeːndɐ aʊf ˈaɪnə fɛɐˈnʏnftɪçə bəˈɡʁɛnʊŋ deːɐ ˈʔaʁbaɪtsˌtsaɪt ʊnt ʁeɡəˈlɛːʁɪɡən bəˈtsaɪltən ˈʔʊɐlaʊp/,"/ˈvɑːr ɔk ˈɛn har rɛtː til ˈviːla ɔk ˈfriːtiːd, ˈɪnɛˌfatːandɛ ˈrɪmːlɪg bɛˈɡrɛnsnɪŋ av ˈarbeˌstiːd ɔk pɛrɪˈɔdɪsk bɛˈtɑːld ˈleːdɪˌheːt./"
24,"1. /ˈɛvrɪwʌn hæz ðə raɪt tuː ə ˈstændərd ʌv ˈlɪvɪŋ ˈædɪkwət fɔr ðə hɛlθ ænd ˈwɛlˈbiɪŋ ʌv hɪmˈsɛlf ænd ʌv hɪz ˈfæməli, ɪnˈkludɪŋ fuːd, ˈkloʊðɪŋ, ˈhaʊzɪŋ ænd ˈmɛdɪkəl kɛr ænd ˈnɛsəˌsɛri ˈsoʊʃəl ˈsɜrvɪsɪz, ænd ðə raɪt tuː sɪˈkjʊrəti ɪn ði ɪˈvɛnt ʌv ˌʌnˈɛmplɔɪmənt, ˈsɪknəs, dɪsəˈbɪləti, ˈwɪdoʊˌhʊd, oʊld eɪʤ ɔr ˈʌðər læk ʌv ˈlaɪvlɪhʊd ɪn ˈsɜrkəmˌstænsɪz biˈjɑnd hɪz kənˈtroʊl./ 
2. /ˈmʌðərˌhʊd ænd ˈʧaɪldˌhʊd ɑr ɪnˈtaɪtəld tuː ˈspɛʃəl kɛr ænd əˈsɪstəns. ɔl ˈʧɪldrən, ˈwɛðər bɔrn ɪn ɔr aʊt ʌv ˈwɛdˌlɑk, ʃæl ɪnˈdʒɔɪ ðə seɪm ˈsoʊʃəl prəˈtɛkʃən./","ˈjeːdɐ hat das ʁɛçt aʊf ˈaɪnən ˈleːbnsˌʃtaːndaʁt, deːɐ ˈziːnəs ʊnt ˈziːnɐ ˈfamɪliə ɡəˈzʊndhɛɪt ʊnt voːl ɡəˈvɛʁˌlaɪstət, ˈaɪnzɪtslɪç nɑːˌʁʊŋ, ˈklaɪdʊŋ, ˈvoːnʊŋ, ˈɛːɐt͜sliçɐ bəˈtʀɔʊ̯ʊŋ ʊnt deːɐ nɔtˈvɛndɪɡə ˈzoːtsiːalə ˈlaɪstʊŋən, zoːviː ˈdas ʁɛçt aʊf ziˈt͜sɪçɐhaɪt ɪm ˈfalə fɔn ˈaʁbaɪtsˌloːzɪçkaɪt, ˈkʁaŋkhaɪt, ɪnvaliˈdiːtɪt, fɛɐˈvɪtvʊŋ, ˈaltɐ oːdɐ ˈandɐvɛɪtɪçɐm ˈlɔst ziːnɐ ˈʊntɐˈhalt͜smɪtəl dʊɐ̯ç ˈʊnˌfɛɐ̯ʃʊltətə ˈʔʊmʃtɛndə. ˈmʊtɐ ʊnt kɪnt haːbən ˈanspʁʊç aʊf bəˈzɔndəʁə ˈfʏʁzoːɡə ʊnt ʔʊntɐˈʃtʏtsʊŋ. ˈalə kɪntɐ, ɔp eːˈlɪç oːdɐ ˈʔuneːlɪç, ɡəˈniːsən deːn ˈɡlaɪçən zoːtsiːalən ˈpʁoːt͜sʊŋ.","1. /var ɔk ˈɛn har rɛtː til ɛn ˈlɛvːnadsˌstandɑrd ˈtɪlrɛkːlɪg fœr hans ˈøːɡɛn ɔk hans ˈfɑmɪljs ˈhɛlsɑ ɔk ˈvɛlbɛˌfɪnanːdɛ, ˈɪnɛfattandɛ ˈføːda, ˈklɛːdɛr, ˈbɔsːtɑd, ˈlɛːkarvɔrd ɔk ˈnœdvɛndɪɡa ˈsɔsɪˌɑːlɛ ˈɕɛnːstɛr, samt rɛtː til ˈtryɡːhɛt vɪd ˈarbɛtslœːshɛt, ˈɧʉːkːdɔm, ˈɛnːkɛstɔnd, ˈɔnːɛrduːm ˈɛnː hans kɔnˈtrɔl. 2. ˈmœdrar ɔk ˈbɑrn ɛr bɛˈrɛtːɪɡadɛ til ˈsɛrːskɪld ˈɔmːvɔːrdnad ɔk hɛlp. ˈalːa bɑrn, ˈvɑːrɛ sɛ dɛ ɛr ˈfœrːda ˈɪnɔm ɛlː ˈʉːtɔm ˈɛktɛnskapɛt, skal ˈœtnjʉːta ˈsamːa sɔːsɪˌɑːlɛ ˈɧʏd./

"
25,"1. ˈɛvrɪwʌn hæz ðə raɪt tuː ˌɛdʒʊˈkeɪʃən. ˌɛdʒʊˈkeɪʃən ʃæl biː friː, æt liːst ɪn ðiː ˌɛlɪˈmɛntəri ænd ˌfʌndəˈmɛntəl ˈsteɪdʒɪz. ˌɛlɪˈmɛntəri ˌɛdʒʊˈkeɪʃən ʃæl biː kəmˈpʌlsəri. ˈtɛknɪkəl ænd prəˈfɛʃənl̩ ˌɛdʒʊˈkeɪʃən ʃæl biː meɪd ˈdʒɛnərəli əˈveɪləbl̩ ænd ˈhaɪər ˌɛdʒʊˈkeɪʃən ʃæl biː ˈikwəli əkˈsɛsəbl̩ tuː ɔːl ɒn ðə ˈbeɪsɪs əv ˈmɛrɪt. 2. ˌɛdʒʊˈkeɪʃən ʃæl biː dɪˈrɛktɪd tuː ðə fʊl dɪˈvɛləpmənt əv ðə ˈhjuːmən ˌpɜːrsəˈnælɪti ænd tuː ðə ˈstrɛŋθənɪŋ əv rɪˈspɛkt fɔːr ˈhjuːmən raɪts ænd ˌfʌndəˈmɛntəl ˈfriːdəmz. ɪt ʃæl prəˈmoʊt ˌʌndərˈstændɪŋ, ˈtɒlərəns ænd ˈfrɛndʃɪp əˌmʌŋ ɔːl ˈneɪʃənz, ˈreɪʃəl ɔːr rɪˈlɪdʒəs ɡruːps, ænd ʃæl ˈfɜːrðər ðiː ækˈtɪvɪtiz əv ðə juːˈnaɪtɪd ˈneɪʃənz fɔːr ðə ˈmeɪntənəns əv piːs. 3. ˈpɛrənts hæv ə ˈpraɪər raɪt tuː tʃuːz ðə kaɪnd əv ˌɛdʒʊˈkeɪʃən ðæt ʃæl biː ˈɡɪvən tuː ðer ˈtʃɪldrən.","1. /ˈjeːdɐ hat das ʁɛçt aʊf bɪlˈdʊŋ. diː bɪlˈdʊŋ ɪst ˈʊnɛntˌɡɛltlɪç, tsʊm ˈmɪndəstən deːɐ ˈɡʁʊntʃuːlʔʊntɐɪçt ʊnt diː ˈɡʁʊndlɛɡəndə bɪlˈdʊŋ. deːɐ ˈɡʁʊntʃuːlʔʊntɐɪçt ɪst ˌɔblɪɡaˈtoːʁɪʃ. faχ ʊnt bəˈʁuːfsʊlʔʊntɐɪçt ˈmʏsnən ˈalɡəmaɪn fɛɐˈfʊɡbaː ˈmaχən ʊnt deːɐ ˈhoχˌʃuːlʔʊntɐɪçt mʏs ˈalən ˌɡlaɪçəʁˈmaːsən ʔɛntsˈpʁɛçən ˈʊfn̩ˌʃtaːn.
2. diː bɪlˈdʊŋ mʏs aʊf diː ˈfɔlə ʔɛntˈfaltʊŋ deːɐ mɛnʃlɪçən pɛʁzoːnlɪçkaɪt ʊnt aʊf diː ˈʃtɛʁkʊŋ deːɐ ˈʔaxtʊŋ foːɐ deːn ˈmɛnʃn̩ʁɛçtən ʊnt ˈɡʁʊntˌfʁaɪhaɪtən ɡəˈʁɪçtət zaɪn. ziː mʏs das ˈfɛɐʃtɛndnɪs, diː tɔləˈʁanʦ ʊnt diː ˈfʁɔʏntʃaft ˈʊntɐ ˈalən naˈt͡si̯oːnən ʊnt ˈalən ˈʁasɪʃən oːdɐ ʁəlɪɡiˈøːzən ˈɡʁʊpn̩s fœʁdɐn ʊnt diː ˈtɛːtɪɡkaɪt deːɐ ˈfɛɐʔaɪntn̩ naːχ ˈfʁiːdn̩ ʔʊntɐˈʃtʏt͡sən.
3. diː ˈɛltɐn haːbən aɪn fɔɐˈʁaŋɪɡəs ʁɛçt, diː ˈaʁt deːɐ bɪlˈdʊŋ tsuː ˈvɛlən, diː ˈdeːn kɪndɐn ˈtsuːtʰɛɪlˌvɛʁdən ʃɔl.",1. /var ɔk ˈɛn har rɛtː til ˈɵtːbɪldnɪŋ | ˈɵtːbɪldnɪŋ ɧal ˈvaːra ˈkɔstnadsfri | ˈɔːtˌmɪnˌstɔːnə pɔ dɛ ɛlɛmɛnˈtɛra ɔk ˈgrɵnˌlɛgandɛ ˈstaːdɪɛrna | ˈgrɵnˌdɵtːbɪldnɪŋ ɧal ˈvaːra ɔblɪgatɔrɪsk | ˈtɛknɪsk ɔk ˈʏrːkɛsˌɪnːrɪktad ˈɵtːbɪldnɪŋ ɧal ˈvaːra ˈalːmɛnt ˈtɪlːgɛŋlɪg ɔk ˈhœgːrɛ ˈɵtːbɪldnɪŋ ɧal ˈvaːra ˈtɪlːgɛŋlɪg fœr ˈalːa pɔ ˈgrɵnˌval ɔv fœʈːˈjɛnːst | 2. /ɵtːbɪldnɪŋ ɧal ˈsʏfːta tɪlː pɛrˈsɔnːlɪɡhɛtsˌɵtːvɛklɪŋ ɔk tɪlː at ˈstɛŋːka rɛsˈpɛktɛn fœr ˈmɛnːsklɪɡa ˈrɛtːɪɡhɛtɛr ɔk ˈgrɵnˌdɛlɛɡhɛt ˈdɛn ɧal ˈfrœmːja fœrˈstœndɛ | tɔlɛˈrans ɔk ˈvɛnːskap mɛlˈlan ˈalːa naˈɧuːnɛr | ˈrasɛr ɔk rɛlɪˈɡjøːsa ˈɡrɵpɛr samt ˈstœdːja fœrˈɛnta naˈɧuːnɛrna ˈvɛrkːsamˌhɛt fœr at ˈɵpːrɛtːhœlːa frɛd | 3. /fœrˈɛlːdrɛjns har rɛtː at ˈvɛlːja ˈvɪlːkɛn typ ɔv ˈɵtːbɪldnɪŋ sɔm ˈdɛras bɑːrn ɧal ˈfœ |
26,"1. /ˈɛvrɪwʌn hæz ðə raɪt ˈfriːli tuː pɑːrˈtɪsɪpeɪt ɪn ðə ˈkʌlʧərəl laɪf ʌv ðə kəˈmjunəti, tuː ɪnˈdʒɔɪ ði ɑrts ænd tuː ʃɛr ɪn saɪənˈtɪfɪk ədˈvænsmənt ænd ɪts ˈbɛnɪfɪts./
2. /ˈɛvrɪwʌn hæz ðə raɪt tuː ðə prəˈtɛkʃən ʌv ðə ˈmɔrəl ænd məˈtɪriəl ˈɪntrɪsts rɪˈzʌltɪŋ frɒm ˈɛni saɪənˈtɪfɪk, ˈlɪtərəri ɔr ɑrˈtɪstɪk prəˈdʌkʃən ʌv wɪʧ hi ɪz ði ˈɔːθər./","1. /ˈjeːdɐ hat das ʁɛçt, am kʊltuˈʁɛlən ˈliːbən deːɐ ɡəˈmaɪ̯nʃaft fʁaɪ̯ ˈtaɪ̯lnəmən, zɪç an dɛn ˈkʏnstən t͡su ɛɐˈfʁɔʏ̯ən ʊnt am ˈvɪsɛnsçaftlɪçən ˈfɔʁtʃʁɪt ʊnt ˈdɛsən ɛˈʁʊŋənʃaftən ˈtaɪ̯l t͡saˈhaːbən/
2. /ˈjeːdɐ hat das ʁɛçt aʊ̯f ʃʊts dɛɐ ɡəˈɪ̯stɪɡən ʊnt maˈtɛʁi̯ɛlən ɪntəˈʁɛsn̩s, diː ɪm als ˈʔuːɐ̯ˌheːbɐ ˈvɪsɛnsçaf tlɪçɐ, lɪtəˈʁaʁɪʃɐ oːɐ̯ ˈkʏnstlɐʁɪʃɐ ˈvɛʁkə ɛɐˈvɛksən/","1. /var ɔk ˈɛn har rɛt ɑt frɪt dɛlˈta i ˈsamˌhɛlːsˌliːvɛts kɵlˈtɵrɛla vɛrksamˈheːt, at ˈɲʉːta av ˈkɔnstɛn ɔk at fåː ta dɛl av vɛtɛnsˈkapɛns framˈstɛg ɔk dɛs fœrˈmɔːnɛr/
2. /var ɔk ˈɛn har rɛt til ˈʂʏd fœr dɛ mʊrɑːlɪska ɔk matɛrɪɛla ˈɪntrɛsɛn som hɛrˈør frɔn ˈvarjɛ vɛtɛnskaplɪg, lɪtɛrɛr ɔlɛr kɔnstˈnɛrlɪg prɔdɵkˈʂuːn til vɪlːkɛn han ɛr ˈɵfːʊsman/"
27,/ˈɛvrɪwʌn ɪz ɪnˈtaɪtəld tuː ə ˈsoʊʃəl ænd ˌɪntərˈnæʃənəl ˈɔrdər ɪn wɪtʃ ðə raɪts ænd ˈfriːdəmz sɛt fɔrθ ɪn ðɪs ˌdɛkləˈreɪʃən kæn biː ˈfʊli ˈriəlaɪzd/,"/ˈjeːdɐ hat ˈʔanˌʃpraʊx aʊf ˈaɪnə zoˈtsiːalə ʊnt ɪntɐnaˈtsi̯oːnaːlə ˈʔɔɐdnʊŋ, ɪn dɐ diːzəʁ ɛʁˈklɛːʁʊŋ fɛʁˈkʊndətən ˈʁɪçtə ʊnt ˈfʁaɪhaɪtən fɔl fɛɐˈvɪʁklɪçt vɛʁdən kœnən./",/ˈvar ɔk ˈɛn ɛr bɛˈrɛtːɪɡad tɪl ɛn ˈsuːʂɪal ɔk ˈɪnːtɛrnaˈɧuːnɛl ˈuːɖnɪŋ ɪ ˈvɪlːɛn dɛ ˈrɛtːɪhɛtɛr ɔk ˈfriːhɛtɛr sɔm anˈɡɛːs ɪ ˈdɛnːa fœrˈklɑːrɪŋ kan fœrˈvɛrːkɪɡas fɵlt ʉt/
28,"1. /ˈɛvrɪwʌn hæz ˈdjutiz tuː ðə kəˈmjunəti ɪn wɪʧ əˈloʊn ðə friː ænd fʊl dɪˈvɛləpmənt ʌv hɪz ˌpɜːrsəˈnælɪti ɪz ˈpɑsəbl/
2. /ɪn ði ˈɛksərsaɪz ʌv hɪz raɪts ænd ˈfridəmz, ˈɛvrɪwʌn ʃæl bi ˈsʌbdʒɪkt ˈoʊnli tuː sʌʧ ˌlɪmɪˈteɪʃənz æz ɑːr dɪˈtɜrmɪnd baɪ lɔː ˈsoʊlli fɔr ði ˈpɜrpəs ʌv sɪˈkjʊrɪŋ djuː ˌrɛkəɡˈnɪʃən ænd rɪˈspɛkt fɔr ði raɪts ænd ˈfridəmz ʌv ˈʌðərz ænd ʌv ˈmitɪŋ ði ˈdʒʌst rɪˈkwaɪrmənts ʌv məˈræləti, ˈpʌblɪk ˈɔrdər ænd ði ˈdʒɛnərəl ˈwɛlfɛr ɪn ə dɪməˈkrætɪk səˈsaɪəti/
3. /ðiz raɪts ænd ˈfridəmz meɪ ɪn noʊ keɪs bi ˈɛksərsaɪzd kənˈtrɛri tuː ði ˈpɜrpəsəz ænd ˈprɪnsəplz ʌv ði juˈnaɪtɪd ˈneɪʃənz/","1. ˈjeːdɐ hat ˈpflɪçtən ɡəˈɡɛnʏbɐ dɛɐ ɡəˈmaɪnʃaft, ɪn dɛɐ ˈalən diː fʁiːə ʊnt fɔlə ɛntˈfaltʊŋ zaɪnɐ pɛʁˈzøːnlɪçkaɪt ˈmøːɡlɪç ɪst. 2. ˈjeːdɐ ɪst baɪ deːɐ ˈaʊsʏbʊŋ zɪnɐ ˈʁɪçtə ʊnt ˈfʁaɪhaɪtn̩ nʊʁ deːn bəˈʃʁɛŋkʊnɡən ʊntɐˈvɔʁfən, diː das ɡəˈzɛts aʊsˈʧliːslɪç t͡su deːm t͡svɛk bəˈʃtɪmt hat, diː anɐˈkɛntnʊŋ ʊnt ˈʔaxtʊŋ deːɐ ˈʁɪçtə ʊnt ˈfʁaɪhaɪtn̩ ˈandəʁɐ t͡su ˈzɪçɐn ʊnt deːn ɡəˈʁɛçtən ˈanfɔʁdəʁʊŋən deːɐ moˈʁaːl, deːɐ ˈʔøːfəntlɪçəʁ ˈɔʁdnʊnç ʊnt deːs alɡəˈmaɪnən ˈvoːləs ɪn ˈʔaːnɐmɔːkʁaːtɪʃɐ ɡəˈzɛlʃaft t͡su ˈɡyːɡn̩. 3. ˈdiːzə ˈʁɪçtə ʊnt ˈfʁaɪhaɪtn̩ ˈdœʁfən ɪn ˈkaɪnəm fal ɪm ˈvɪdɐʃpʁʊç t͡su deːn ˈt͡siːlən ʊnt ˈɡʁʊnt͡sɛtsn̩ deːɐ fɛˈʁaɪntən naˈtsiːoːnən ˈaʊsˈɡeːbt vɛʁdən.","1. /var ɔk ˈɛn har ˈplɪkˌtɛr ˈjɛnˌtɔt ˈsamˌhɛlˌlɛt, sɔm ˈɛnˌsam kan ˈmœjˌlɪgˌgøːra dɛn ˈfriːa ɔk ˈfɵlːa ˈʉtˌvɛkˌlɪŋɛn av hans pɛrsɔnˌlɪgˌhɛt/
2. /vɪd ˈʉtˌœvandɛt av ˈsɪna ˈrɛtːɪgˌhɛtɛr ɔk ˈfriːhɛtɛr skal var ɔk ˈɛn ˈɛndast vara ˈɵndɛrˌkastad ˈsɔːdanɛ ˈɪnsˌkrɛŋkˌnɪŋar sɔm ɛr ˈfastˌstɛlːda ɪn ˈlɑːg ˈɛnˌbart ɪn ˈsʏrɛ tɪl ˈtrygˌga ɛt ˈvɛdɛrˌbœːlɪkt ˈɛrkˌɛnˌnandɛ ɔk rɛˈspɛkt fœr ˈandras ˈrɛtːɪgˌhɛtɛr ɔk ˈfriːhɛtɛr samt fœr ˈat tɪlˈgʊːsɛ ˈrɛtːmɛˌtɪga krɑːv pɔr mɔˈrɑːl, ˈalːmɛn ˈɔrdnɪŋ ɔk ˈalːmɛn ˈvɛlˌfæːrd ɪ ˈɛt dɛmʊˈkratɪskt ˈsamˌhɛlːɛ/
3. /ˈdɛsːa ˈrɛtːɪgˌhɛtɛr ɔk ˈfriːhɛtɛr mɔ ɪ ˈɪntɛt ˈfalː ˈʉtˌœvadɛs ɪn strɪd mɛd fœrˈɛnta natsɪʊˈnɛrns ˈɛnˌdamœːl ɔk ˈgrɵndˌsatːsɛr/"
29,"/nʌθɪŋ ɪn ðɪs ˌdɛkləˈreɪʃən meɪ bi ˈɪntərprɪtɪd æz ɪmˈplaɪɪŋ fɔr ˈɛni steɪt, ɡruːp ɔr ˈpɜrsən ˈɛni raɪt tuː ɪnˈɡeɪdʒ ɪn ˈɛni ækˈtɪvəti ɔr tuː pərˈfɔrm ˈɛni ækt eɪmd æt ðə dɪˈstrʌkʃən ʌv ˈɛni ʌv ðə raɪts ænd ˈfriːdəmz sɛt fɔrθ hɪrˈɪn./","/kaɪnə bəˈʃtɪmʊŋ ˈdaːzɐ ɛrkˈlɛːrʊŋ darf ˈdaːhɪn aʊsˈɡɔɪtən vɛrdən, das ziː fœr ˈɪʁɡənˌjeːn ʃtaːt, ˈaɪnə ɡʁuːpə oːdɐ ˈaɪnə pɛʁˈzoːn ˈɪʁɡənˌjeːn ʁɛçt bəɡˈʁʏndət, ˈaɪnə ˈtɛːtɪɡkaɪt aʊsˈʔyːbən oːdɐ ˈaɪnə ˈhandlʊŋ tsu bəˈɡeːn, diː aʊf diː baˈzaɪtɪɡʊŋ dɛʁ ɪn ˈdaːzɐ ɛrkˈlɛːrʊŋ fɛɐˈkʊndətən ʁɪçtə ʊnt ˈfʁaɪhaɪtn̩ apˈtsiːlt./","/ˈɪŋɛntɪŋ i ˈdɛnːa fœrˈklɑːrɪŋ mɔːr ˈtuːlkas ˈsɔːsɔm ˈɪnɛfˌtɑndɪŋ ˈrɛtː fœr ˈnɔɡɛn stat, ɡrɵp ɛlɛr pɛrˈsɔn at ˈɛːɡna sɛj ˈoː ˈnɔɡɛn vɛrksamˈheːt ɛlɛr ˈɵtːfœra ˈnɔɡɛn ˈhɑndlɪŋ sɔm ˈsyːftar tɪl at ˈʊmˈɪntɛtˌjøːra ˈnɔɡɛn av dɛ ˈrɛtːɪɡheːtɛr ɔn ˈfriːhɛtɛr sɔm ˈanːjɛs i ˈdɛnːa fœrˈklɑːrɪŋ/"
